id,text
1,I love my new Samsung Galaxy phone!
2,Samsung customer service is terrible.
3,The Samsung Fold is such an innovative device.
4,Battery life on my Samsung is getting worse.
5,Samsung just dropped a huge update!
6,Why is my Samsung phone lagging so much?
7,Samsung camera quality is unmatched.
8,I regret switching to Samsung.
9,Samsung TVs have the best display quality.
10,My Samsung tablet stopped working suddenly.
11,"Just bought the Samsung S24 Ultra, it's amazing!"
12,Samsung phones heat up too fast.
13,I prefer Samsung over Apple any day.
14,Samsung earbuds keep disconnecting.
15,The new Samsung Watch looks great.
16,Samsung needs to fix their software updates.
17,Another great product by Samsung!
18,Samsung's UI feels so bloated.
19,Samsung deliveries always arrive on time.
20,Samsung Pay is so convenient.
21,My Samsung phone froze again!
22,The Samsung Flip looks cool but fragile.
23,Samsung nailed the new design.
24,Why are Samsung chargers so expensive?
25,Samsung's trade-in program saved me money.
26,Samsung phones last for years.
27,My Samsung screen cracked too easily.
28,Samsung Dex is actually impressive.
29,Samsung's ads are annoying.
30,Samsung cloud backup saved all my files.
31,The Samsung S23 battery life is incredible.
32,Samsung does not listen to user feedback.
33,Samsung phones are the best for Android users.
34,Their update schedule is too slow.
35,Samsung support helped me fix my issue.
36,My Samsung phone restarts randomly.
37,Samsung's camera zoom is insane!
38,Samsung needs to improve durability.
39,I love the Samsung ecosystem.
40,Samsung phones are overpriced lately.
41,Samsung storage options are better than competitors.
42,My Samsung speaker stopped connecting.
43,Samsung's foldable phones are game changers.
44,Why is Samsung removing headphone jacks?
45,Samsung nailed the software this year.
46,I'm switching from Samsung to Apple.
47,Samsung tablets are perfect for students.
48,Samsung's new processor is very powerful.
49,The Samsung Flip battery drains too fast.
